story,date,words
35-pounds,2023-09-01,1343
arecibo,2023-09-01,8825
beneath-coriandel,2023-09-01,81095
booksters-apprentice,2023-09-01,71975
cloudherd,2023-09-01,12866
eimin-medef,2023-09-01,14940
eimin-ossisswe,2023-09-01,17292
extinction,2023-09-01,118
five-letters,2023-09-01,2765
iffy,2023-09-06,34525
iffy,2023-09-07,34479
iffy,2023-09-08,29841
iffy,2023-09-09,31510
iffy,2023-09-10,33229
iffy,2023-09-14,37399
iffy,2023-09-16,38713
in-heck,2023-12-23,4981
in-heck,2023-12-24,6122
in-heck,2023-12-25,6653
in-heck,2023-12-27,7339
in-heck,2023-12-29,7866
in-heck,2023-12-30,8377
in-heck,2023-12-31,9032
in-heck,2024-01-01,10066
in-heck,2024-01-02,10607
in-heck,2024-01-04,11133
in-heck,2024-01-06,11942
in-heck,2024-01-07,12456
in-heck,2024-01-09,12990
in-heck,2024-01-11,13447
in-heck,2024-01-13,13976
in-heck,2024-01-14,14485
in-heck,2024-01-15,14986
in-heck,2024-01-17,15518
in-heck,2024-01-20,15905
in-heck,2024-01-21,16472
in-heck,2024-01-23,16806
in-heck,2024-01-26,17403
in-heck,2024-01-27,18342
in-heck,2024-01-28,18838
in-heck,2024-01-29,13939
in-heck,2024-02-07,2578
last-wolf,2023-09-01,41953
leaderboard,2023-12-26,1094
leaderboard,2023-12-27,1657
leaderboard,2023-12-28,2169
leaderboard,2023-12-30,2551
leaderboard,2024-01-02,3051
maddy-roo,2023-09-01,31709
madica,2023-09-01,29297
princess-bear,2023-09-01,25847
santas,2023-09-15,8674
santas,2023-09-16,8791
santas,2023-09-17,9313
santas,2023-09-23,9857
santas,2023-09-24,10403
santas,2023-10-11,10897
santas,2023-10-12,11403
santas,2023-10-14,11956
santas,2023-10-15,12492
santas,2023-10-21,12956
santas,2023-10-22,13568
santas,2023-10-29,14068
santas,2023-10-30,14582
santas,2023-11-08,15136
santas,2023-11-11,15690
santas,2023-11-12,16677
santas,2023-11-18,17224
santas,2023-11-22,17721
santas,2023-11-26,18740
santas,2023-12-02,19364
santas,2023-12-06,20219
santas,2023-12-07,20756
santas,2023-12-10,21288
santas,2023-12-11,21808
santas,2023-12-16,22326
santas,2023-12-17,23474
santas,2023-12-19,23981
santas,2023-12-20,24725
santas,2023-12-22,25201
santas,2023-12-23,25943
santas,2023-12-26,26446
santas,2023-12-27,27147
santas,2023-12-29,27793
scribophile,2024-01-05,126
scribophile,2024-01-05,318
scribophile,2024-01-25,548
scribophile,2024-02-05,954
scribophile,2024-02-06,1191
scribophile,2024-02-10,1884
scribophile,2024-02-11,2164
scribophile,2024-02-11,2309
still,2023-09-01,30862
tuppence-a-bag,2023-11-04,1703
tuppence-a-bag,2023-11-05,996
voyage,2023-09-01,30306
wrestler,2023-09-01,6672
